Country,2010,2011,2012,2013,2014,2015,2016,2017,2018
Afghanistan,,,,30.0,30.0,30.4,28.2,28.2,
Albania,12.7,13.8,13.8,13.4,13.4,13.4,12.2,10.0,10.9
Algeria,,,,,,,,20.1,19.7
Angola,38.8,,43.6,43.6,36.6,36.6,32.4,32.3,31.7
Argentina,19.0,18.7,18.7,15.3,14.6,15.2,14.0,13.8,13.6
Armenia,10.9,10.7,10.8,10.2,10.1,9.2,8.6,9.8,9.7
Australia,7.7,7.7,7.7,7.5,7.9,8.0,8.3,8.0,7.9
Austria,7.3,7.2,6.5,7.1,7.6,8.5,7.4,7.8,7.5
Azerbaijan,13.4,11.1,11.1,11.5,13.0,13.0,10.1,9.9,9.3
Bahamas,14.0,14.4,,14.0,,,,,
Bangladesh,28.3,26.8,26.8,28.7,29.0,28.6,27.6,23.4,23.6
Barbados,,,,,,,,15.4,16.0
Belarus,9.3,8.3,8.3,7.6,7.1,6.4,6.5,6.5,6.3
Belgium,8.3,7.5,8.0,8.5,7.9,8.3,8.8,8.7,7.6
Belize,26.9,,,,21.7,21.8,21.3,21.3,21.6
Benin,34.3,35.3,35.3,34.2,37.1,37.1,36.4,36.3,36.9
Bhutan,,,19.8,20.2,28.9,28.4,27.4,26.4,26.2
Bolivia (Plurinational State of),36.7,33.3,33.4,29.4,28.4,28.7,26.4,25.7,24.1
Bosnia and Herzegovina,19.9,11.4,11.3,10.4,13.1,13.1,12.9,15.3,14.2
Botswana,,,,36.5,36.5,36.2,35.4,,
Brazil,26.6,26.9,26.5,26.3,25.6,24.9,23.6,23.2,23.8
Bulgaria,11.2,11.2,9.8,10.8,10.4,10.5,11.7,12.3,12.1
Burkina Faso,35.7,34.8,33.8,34.6,34.6,33.3,30.6,31.8,29.5
Burundi,36.3,,,32.6,31.5,30.6,29.7,32.8,29.6
Cabo Verde,,,,19.4,19.4,19.9,21.4,,
Cambodia,28.6,27.1,25.8,24.6,24.6,22.4,19.2,19.2,19.9
Cameroon,33.2,32.7,32.7,32.4,32.4,32.4,30.5,34.2,34.1
Canada,8.4,8.4,8.4,7.5,8.6,8.7,7.9,7.7,8.5
Central African Republic,41.3,40.0,40.0,39.9,43.1,43.1,41.8,41.8,41.3
Chad,37.7,38.8,38.8,36.8,39.6,39.6,37.9,37.9,37.4
Chile,18.1,18.1,18.1,18.5,18.2,17.1,15.6,14.9,19.8
China,22.8,22.1,22.1,,,,,14.2,15.6
Colombia,27.5,30.1,26.6,25.7,24.1,23.7,22.6,22.9,22.4
Comoros,42.8,,,,45.9,44.8,44.2,44.2,44.2
Congo,31.3,30.9,30.9,30.6,26.2,24.6,22.6,22.6,24.9
Congo (Democratic Republic of the),34.7,39.3,39.3,36.8,35.3,31.7,30.7,30.2,30.9
Costa Rica,19.9,19.7,20.5,19.1,19.0,18.2,17.8,17.3,18.8
Croatia,14.7,14.6,14.6,11.1,8.9,8.9,8.9,8.8,8.1
Cyprus,11.5,10.0,11.3,10.9,10.6,10.8,13.1,11.3,9.6
Czechia,5.9,4.9,5.3,5.5,5.4,5.3,5.4,5.2,4.5
CÃ´te d'Ivoire,35.3,38.5,38.5,37.9,37.6,37.4,35.6,36.3,35.0
Denmark,6.4,5.9,6.2,6.8,7.1,7.0,7.7,7.4,6.0
Djibouti,36.4,35.1,35.2,33.7,33.7,33.7,33.2,35.2,
Dominican Republic,24.6,25.5,26.8,23.4,23.4,21.6,22.0,20.9,21.4
Ecuador,20.1,25.0,25.0,22.4,21.8,20.2,20.0,19.4,19.5
Egypt,26.4,23.0,23.0,22.8,22.8,28.2,28.3,28.3,28.8
El Salvador,27.2,26.2,26.2,26.2,26.2,22.0,22.3,21.9,21.6
Estonia,9.6,7.7,8.8,8.5,8.9,8.6,9.4,8.5,7.1
Eswatini (Kingdom of),35.7,35.2,35.2,33.1,33.1,33.1,29.4,29.4,29.0
Ethiopia,33.7,31.5,31.5,28.0,28.0,25.5,23.7,27.3,27.2
Fiji,,,,15.1,15.1,15.1,,,
Finland,7.4,5.5,5.9,5.5,5.5,5.7,8.4,5.5,5.2
France,9.2,9.1,9.0,8.9,8.6,9.3,12.1,10.1,9.1
Gabon,20.4,19.1,19.1,24.0,24.0,23.8,22.3,22.3,22.5
Gambia,38.8,,,,,,36.4,36.4,36.4
Georgia,16.6,13.7,14.8,14.0,13.2,12.2,11.5,12.0,11.6
Germany,7.8,6.8,6.8,7.0,6.7,7.0,8.3,7.8,8.1
Ghana,24.2,31.9,31.9,31.2,33.1,32.5,28.8,28.8,28.1
Greece,9.9,12.1,11.4,10.5,12.1,12.2,12.9,13.1,11.9
Guatemala,33.0,31.1,32.4,32.0,28.9,29.1,28.4,27.7,26.9
Guinea,38.0,38.6,38.6,37.8,35.2,33.6,32.2,32.2,32.2
Guinea-Bissau,41.8,41.0,41.0,39.4,39.4,39.1,39.4,39.4,37.4
Guyana,18.4,21.8,18.9,18.0,18.0,18.5,18.4,18.4,18.3
Haiti,40.5,39.8,39.8,38.9,38.2,39.2,38.4,38.4,40.0
Honduras,30.1,30.9,27.1,31.1,30.7,28.5,25.8,25.2,25.0
"Hong Kong, China (SAR)",,,,,,,,12.8,12.6
Hungary,8.5,7.0,7.3,7.3,7.1,7.6,7.7,7.7,7.8
Iceland,6.5,5.8,6.2,5.6,5.8,5.7,5.9,5.9,5.6
India,28.9,27.5,28.4,27.7,27.7,26.5,27.3,26.3,16.8
Indonesia,17.7,18.3,18.3,19.1,18.2,18.2,17.6,18.7,17.4
Iran (Islamic Republic of),,,,32.1,32.1,31.5,,11.2,11.3
Iraq,,,,21.2,21.4,22.0,21.1,20.2,19.4
Ireland,8.9,7.1,7.1,7.4,8.5,7.7,8.6,8.6,7.3
Israel,12.1,11.8,11.8,10.4,12.9,12.9,12.7,12.2,10.2
Italy,11.8,10.7,11.7,11.6,11.3,11.2,12.3,12.0,11.8
Jamaica,16.4,15.9,18.7,18.6,16.9,15.9,16.2,16.2,15.9
Japan,,,,12.2,12.2,12.2,12.1,,3.6
Jordan,19.0,18.9,18.9,18.5,16.4,16.4,16.0,16.0,14.6
Kazakhstan,13.4,11.8,13.5,11.8,11.8,10.1,7.9,7.9,7.1
Kenya,31.7,33.6,33.6,32.7,31.2,29.4,26.3,26.3,26.2
Kiribati,,,,30.1,30.1,32.0,31.4,,
Korea (Republic of),16.2,16.1,16.1,16.8,15.9,15.9,14.0,14.0,13.9
Kyrgyzstan,15.0,14.4,16.8,16.9,14.2,12.1,9.8,9.8,9.5
Lao People's Democratic Republic,24.5,22.6,24.5,24.1,25.3,26.9,25.9,25.8,24.8
Latvia,10.8,10.6,10.5,10.3,10.5,10.3,10.1,10.1,8.8
Lebanon,,22.5,22.5,20.3,20.3,20.4,,,
Lesotho,33.7,35.2,35.2,34.9,34.9,34.9,30.5,30.5,32.0
Liberia,36.2,34.3,34.3,32.8,34.1,32.9,31.0,31.0,31.8
Lithuania,11.2,9.6,10.8,10.4,10.0,10.2,10.3,11.3,10.5
Luxembourg,8.9,7.7,7.1,7.5,7.7,7.8,9.7,10.2,9.4
Madagascar,28.8,30.6,30.6,30.3,26.7,26.7,25.6,25.6,25.5
Malawi,31.6,31.4,31.1,31.6,32.6,31.1,30.4,30.4,28.6
Maldives,15.5,23.9,23.9,24.2,23.8,23.4,23.0,22.1,20.4
Mali,37.5,,,,34.4,32.7,31.5,32.8,30.4
Malta,,,8.1,8.2,8.5,8.0,8.1,8.2,7.9
Mauritania,34.5,33.6,34.0,34.6,32.9,31.9,32.7,32.7,31.8
Mauritius,,13.3,13.3,14.1,14.1,14.3,14.0,13.4,13.6
Mexico,20.6,22.8,22.8,22.3,21.7,22.4,21.2,20.7,21.7
Micronesia (Federated States of),35.3,34.9,,,,,,,
Moldova (Republic of),13.3,12.1,11.4,12.0,10.8,10.1,10.3,10.3,10.3
Mongolia,14.9,13.7,15.8,11.4,12.8,12.9,13.7,13.7,13.6
Montenegro,9.8,6.9,7.3,7.1,9.2,8.7,8.5,8.8,8.5
Morocco,27.2,28.5,28.5,28.5,28.5,28.3,,,
Mozambique,44.0,28.3,32.0,28.9,34.1,32.9,32.6,32.6,30.7
Myanmar,,,,,,,,18.9,23.2
Namibia,40.2,39.1,39.1,39.3,39.3,33.4,32.9,32.9,33.6
Nepal,31.3,33.5,33.5,27.8,25.9,25.8,24.8,24.6,24.9
Netherlands,8.0,6.9,6.8,6.6,6.5,6.8,7.2,7.8,6.7
New Zealand,,,,,,,,7.5,9.1
Nicaragua,24.2,26.9,26.9,25.8,23.7,25.4,23.6,22.6,22.7
Niger,33.1,33.3,33.3,31.8,28.4,27.5,27.4,28.8,27.4
Nigeria,40.7,38.9,41.2,40.2,37.5,37.5,36.6,34.6,34.5
North Macedonia,16.6,16.2,14.5,13.3,16.1,16.1,15.7,12.4,12.9
Norway,6.5,5.5,6.2,5.5,5.3,5.4,7.4,7.9,6.7
Oman,,,,,,,,,12.0
Pakistan,30.0,29.9,29.5,28.7,28.6,29.6,29.0,29.6,30.2
"Palestine, State of",,,,11.7,14.9,15.1,14.7,14.9,13.5
Panama,25.4,23.6,23.6,21.4,21.7,21.0,20.0,20.2,20.3
Paraguay,24.4,23.7,,23.7,21.8,23.5,21.9,24.7,22.0
Peru,29.8,22.9,24.0,23.4,23.0,21.3,19.6,18.9,19.1
Philippines,18.6,19.6,19.6,18.0,17.9,18.2,17.6,17.6,17.8
Poland,10.6,9.6,9.7,9.7,9.6,9.3,9.2,8.8,8.0
Portugal,11.5,9.9,10.4,9.8,10.0,10.1,13.6,13.2,12.5
Romania,12.1,12.3,12.3,10.4,10.2,10.8,11.4,11.4,10.8
Russian Federation,11.5,11.3,,11.6,10.3,9.6,9.3,9.3,9.6
Rwanda,36.5,35.5,33.6,33.1,31.6,31.8,29.8,29.8,28.4
Saint Lucia,,,,,15.5,15.6,15.2,16.3,16.8
Sao Tome and Principe,,30.7,31.0,30.4,24.7,24.7,19.7,19.7,16.7
Senegal,35.3,33.2,32.3,32.3,34.0,32.5,31.1,31.8,31.6
Serbia,10.8,9.5,9.5,10.9,10.0,11.1,14.5,14.6,10.9
Sierra Leone,38.3,41.2,41.2,43.6,40.0,36.6,35.4,35.4,34.6
Singapore,,,,,,,,11.9,12.8
Slovakia,6.6,5.6,6.2,6.2,6.1,6.0,6.8,6.7,6.1
Slovenia,6.8,5.2,5.8,5.7,5.8,5.8,5.5,5.5,4.7
Solomon Islands,,,,23.8,23.8,23.8,,,
South Africa,30.6,,,,33.0,32.0,30.3,30.3,31.4
South Sudan,,,,,,,,36.3,36.0
Spain,9.5,8.8,9.8,10.5,11.0,10.1,15.2,15.0,14.0
Sri Lanka,17.0,16.0,14.9,14.2,11.6,11.5,11.2,13.6,11.8
Sudan,,,,,,,35.9,34.5,34.3
Suriname,23.9,23.3,22.6,23.5,23.3,23.3,21.6,21.8,21.9
Sweden,6.8,5.8,6.1,6.4,6.6,6.6,6.9,7.2,6.6
Switzerland,6.9,6.8,6.8,7.6,7.3,8.4,7.6,7.6,6.7
Syrian Arab Republic,20.3,19.9,19.9,20.8,20.8,21.4,20.9,,
Tajikistan,18.6,17.3,18.1,18.8,16.9,14.9,13.9,13.4,12.4
Tanzania (United Republic of),27.9,28.6,27.2,26.9,27.2,25.4,24.9,24.8,24.9
Thailand,20.5,20.7,20.7,20.0,20.0,20.2,16.6,15.5,16.7
Timor-Leste,32.6,31.8,31.9,29.4,29.4,29.9,28.7,26.4,26.7
Togo,32.3,32.9,32.9,32.6,33.1,31.6,30.9,31.5,31.5
Trinidad and Tobago,15.3,15.0,15.0,15.0,15.0,15.0,14.7,,
Tunisia,24.4,24.4,,,21.4,21.9,21.4,21.4,20.2
Turkey,23.5,22.2,22.2,15.6,15.7,15.8,15.2,15.2,16.0
Turkmenistan,25.5,,,,,,17.9,17.9,17.9
Uganda,31.8,33.5,33.5,30.8,30.2,30.8,29.7,28.2,26.7
Ukraine,8.1,9.2,9.2,9.1,7.7,7.2,6.8,6.5,6.5
United Kingdom,9.3,8.1,8.1,8.6,8.4,7.8,10.3,9.1,8.0
United States,10.9,14.2,12.0,16.2,15.7,12.9,12.7,13.1,12.8
Uruguay,15.7,16.0,16.0,15.7,14.2,15.4,14.3,13.9,12.7
Uzbekistan,15.1,14.5,15.3,15.3,15.3,15.3,12.8,,
Vanuatu,,,,,17.1,17.1,16.7,17.1,
Venezuela (Bolivarian Republic of),20.8,25.1,25.1,19.4,19.4,19.1,17.8,16.2,17.0
Viet Nam,16.4,14.0,14.0,14.9,17.4,17.7,17.2,17.2,16.2
Yemen,32.9,30.8,30.8,31.7,33.0,32.7,30.5,30.9,30.9
Zambia,30.5,28.8,36.1,34.5,33.8,34.7,33.0,33.0,32.3
Zimbabwe,29.6,28.4,28.1,26.8,26.7,28.1,23.5,23.5,22.7
Andorra,,,,,,,,,
United Arab Emirates,,,,,,,,,
Antigua and Barbuda,,,,,,,,,
Bahrain,,,,,,,,,
Brunei Darussalam,,,,,,,,,
Cuba,,,,,,,,,
Dominica,,,,,,,,,
Eritrea,,,,,,,,,
Equatorial Guinea,,,,,,,,,
Grenada,,,,,,,,,
Saint Kitts and Nevis,,,,,,,,,
Kuwait,,,,,,,,,
Libya,,,,,,,,,
Liechtenstein,,,,,,,,,
Marshall Islands,,,,,,,,,
Malaysia,,,,,,,,,
Palau,,,,,,,,,
Papua New Guinea,,,,,,,,,
Qatar,,,,,,,,,
Saudi Arabia,,,,,,,,,
Seychelles,,,,,,,,,
Tonga,,,,,,,,,
Saint Vincent and the Grenadines,,,,,,,,,
Samoa,,,,,,,,,
Human Development,,,,,,,,,
Very high human development,11.6,11.8,11.3,12.1,11.8,11.1,11.5,10.8,10.5
High human development,22.2,21.8,21.7,21.0,20.7,20.5,19.5,16.8,17.5
Medium human development,28.6,27.5,28.1,27.5,27.4,26.7,26.7,25.7,20.0
Low human development,35.4,34.7,35.3,33.5,32.9,32.0,31.0,31.1,30.9
Developing Countries,26.1,25.4,25.7,25.7,25.6,25.1,24.5,21.9,20.2
Regions,,,,,,,,,
Arab States,26.5,25.3,24.6,24.3,24.7,27.1,25.7,24.8,24.2
East Asia and the Pacific,21.7,21.1,21.1,19.5,19.1,19.0,18.6,15.4,16.3
Europe and Central Asia,16.1,15.2,15.5,13.3,12.9,12.6,11.8,11.6,11.5
Latin America and the Caribbean,24.7,25.3,25.0,23.9,23.2,22.9,21.7,21.3,21.8
South Asia,28.8,27.6,28.3,28.0,28.0,27.1,27.5,25.6,19.0
Sub-Saharan Africa,34.7,34.3,34.9,33.6,33.2,32.1,30.6,30.8,30.4
Least Developed Countries,33.0,32.3,32.4,31.0,30.8,29.8,28.9,28.2,28.4
Small Island Developing States,28.7,27.5,28.3,24.4,24.3,24.1,23.7,23.1,23.6
Organization for Economic Co-operation and Development,12.1,12.8,12.3,13.0,12.9,12.2,12.6,11.7,11.5
World,23.4,22.9,23.2,22.9,22.8,22.2,21.9,20.0,18.5
,,,,,,,,,
